frame,LShoulder:U,LShoulder:V,RShoulder:U,RShoulder:V,LElbow:U,LElbow:V,RElbow:U,RElbow:V,LWrist:U,LWrist:V,RWrist:U,RWrist:V,LHip:U,LHip:V,RHip:U,RHip:V,LKnee:U,LKnee:V,RKnee:U,RKnee:V,LAnkle:U,LAnkle:V,RAnkle:U,RAnkle:V
131,2210.926513671875,501.4914855957031,2129.79052734375,471.0137939453125,2180.4638671875,555.5223388671875,2099.070556640625,521.7825317382812,2146.470703125,602.9569702148438,2061.941162109375,552.2015991210938,2119.431640625,599.6964111328125,2072.276611328125,575.952392578125,2082.237548828125,660.71337890625,2017.942626953125,633.4115600585938,2045.13525390625,721.4563598632812,2001.06103515625,694.3949584960938