{
    "bone": {
        "head": [
            -0.603942,
            -0.777458,
            0.139427,
            -0.106644
        ],
        "sternum": [
            0.556236,
            0.638814,
            -0.347698,
            0.402026
        ],
        "belt": [
            -0.596662,
            0.574337,
            0.4,
            0.392596
        ],
        "left_elbow": [
            0.932178,
            0.0935146,
            -0.0464525,
            -0.346615
        ],
        "right_elbow": [
            -0.0629736,
            0.929871,
            0.347444,
            0.103231
        ],
        "left_wrist": [
            -0.0259605,
            0.99339,
            -0.111589,
            -0.00713291
        ],
        "right_wrist": [
            -0.0379672,
            0.999172,
            0.00884722,
            0.0116755
        ],
        "left_knee": [
            0.127155,
            -0.652765,
            0.0323108,
            0.746114
        ],
        "right_knee": [
            0.614638,
            -0.270508,
            0.695575,
            0.255384
        ],
        "left_ankle": [
            0.429451,
            0.582179,
            -0.330032,
            0.606398
        ],
        "right_ankle": [
            0.617289,
            -0.21495,
            0.74705,
            0.121108
        ],
        "left_foot": [
            0.519664,
            -0.736837,
            -0.0140692,
            0.43223
        ],
        "right_foot": [
            0.547361,
            0.66871,
            0.139679,
            0.483438
        ]
    },
    "ref": {
        "head": [
            -0.708715,
            0.00245963,
            0.00782241,
            0.705448
        ],
        "sternum": [
            -0.709103,
            0.00873377,
            0.0156678,
            0.704877
        ],
        "belt": [
            0.703614,
            0.0706286,
            0.072124,
            -0.703376
        ],
        "left_elbow": [
            -0.703824,
            -0.0203751,
            -0.0257279,
            0.709616
        ],
        "right_elbow": [
            -0.702379,
            0.0195533,
            0.0230813,
            0.71116
        ],
        "left_wrist": [
            -0.693775,
            0.0442135,
            0.0508854,
            0.71703
        ],
        "right_wrist": [
            -0.712638,
            -0.0625079,
            -0.0613048,
            0.696047
        ],
        "left_knee": [
            0.705554,
            0.0444602,
            0.0517904,
            -0.705361
        ],
        "right_knee": [
            -0.710712,
            0.0260956,
            0.0246606,
            0.702566
        ],
        "left_ankle": [
            -0.705909,
            -0.0512046,
            -0.0479316,
            0.704821
        ],
        "right_ankle": [
            -0.705783,
            -0.0711467,
            -0.0717225,
            0.701188
        ],
        "left_foot": [
            -0.707581,
            -0.0638912,
            -0.0564407,
            0.701471
        ],
        "right_foot": [
            -0.702747,
            -0.085646,
            -0.0845107,
            0.701192
        ]
    }
}